{"lateralorbitofrontal":{"NumVert":{"m":3759.86,"s":560.97},"SurfArea":{"m":2445.77,"s":362.697},"GrayVol":{"m":7051.17,"s":1013.93},"ThickAvg":{"m":2.70001,"s":0.199692},"ThickStd":{"m":0.736229,"s":0.0706932},"MeanCurv":{"m":0.146692,"s":0.00903901},"GausCurv":{"m":0.0807384,"s":0.163898},"FoldInd":{"m":91.5043,"s":107.446},"CurvInd":{"m":10.542,"s":4.10732}},
"temporalpole":{"NumVert":{"m":657.931,"s":91.8291},"SurfArea":{"m":458.883,"s":61.6343},"GrayVol":{"m":2490.33,"s":394.736},"ThickAvg":{"m":3.73995,"s":0.322383},"ThickStd":{"m":0.703258,"s":0.14971},"MeanCurv":{"m":0.159628,"s":0.0195602},"GausCurv":{"m":0.0898055,"s":0.168879},"FoldInd":{"m":22.1652,"s":113.165},"CurvInd":{"m":2.12117,"s":1.61319}},
"supramarginal":{"NumVert":{"m":5681.02,"s":917.79},"SurfArea":{"m":3707.67,"s":583.884},"GrayVol":{"m":10096.4,"s":1745.68},"ThickAvg":{"m":2.48965,"s":0.175001},"ThickStd":{"m":0.598232,"s":0.0496753},"MeanCurv":{"m":0.135972,"s":0.00665211},"GausCurv":{"m":0.0501859,"s":0.0208049},"FoldInd":{"m":112.668,"s":427.071},"CurvInd":{"m":10.948,"s":3.58796}},
"rostralmiddlefrontal":{"NumVert":{"m":8175.38,"s":1226.75},"SurfArea":{"m":5360.8,"s":794.252},"GrayVol":{"m":14343.9,"s":2364.15},"ThickAvg":{"m":2.358,"s":0.151476},"ThickStd":{"m":0.621429,"s":0.0563185},"MeanCurv":{"m":0.149831,"s":0.00739557},"GausCurv":{"m":0.0755129,"s":0.28821},"FoldInd":{"m":176.738,"s":161.746},"CurvInd":{"m":19.8165,"s":5.38469}},
"precentral":{"NumVert":{"m":7467.42,"s":905.787},"SurfArea":{"m":4586.52,"s":543.161},"GrayVol":{"m":11993,"s":1760},"ThickAvg":{"m":2.41114,"s":0.194429},"ThickStd":{"m":0.644158,"s":0.0518264},"MeanCurv":{"m":0.12358,"s":0.010242},"GausCurv":{"m":0.0742117,"s":0.123036},"FoldInd":{"m":196.12,"s":416.478},"CurvInd":{"m":18.2084,"s":15.1752}},
"caudalmiddlefrontal":{"NumVert":{"m":3376.62,"s":578.839},"SurfArea":{"m":2190.8,"s":373.441},"GrayVol":{"m":5912.64,"s":1142.83},"ThickAvg":{"m":2.48343,"s":0.171914},"ThickStd":{"m":0.562102,"s":0.0625895},"MeanCurv":{"m":0.126749,"s":0.00765694},"GausCurv":{"m":0.0463907,"s":0.0291541},"FoldInd":{"m":50.1773,"s":77.7723},"CurvInd":{"m":6.17487,"s":2.77436}},
"bankssts":{"NumVert":{"m":1457.66,"s":258.096},"SurfArea":{"m":1000.45,"s":171.463},"GrayVol":{"m":2397.06,"s":505.557},"ThickAvg":{"m":2.43702,"s":0.210578},"ThickStd":{"m":0.484105,"s":0.0698078},"MeanCurv":{"m":0.112637,"s":0.0127263},"GausCurv":{"m":0.0308158,"s":0.0283019},"FoldInd":{"m":13.0757,"s":9.3207},"CurvInd":{"m":1.83941,"s":2.74213}},
"rostralanteriorcingulate":{"NumVert":{"m":1243,"s":265.896},"SurfArea":{"m":794.153,"s":173.162},"GrayVol":{"m":2546.8,"s":553.505},"ThickAvg":{"m":2.89913,"s":0.258822},"ThickStd":{"m":0.656902,"s":0.109066},"MeanCurv":{"m":0.14864,"s":0.012325},"GausCurv":{"m":0.0904578,"s":0.522204},"FoldInd":{"m":34.9484,"s":92.3828},"CurvInd":{"m":3.16386,"s":1.49243}},
"postcentral":{"NumVert":{"m":6462.16,"s":858.129},"SurfArea":{"m":3997.44,"s":524.413},"GrayVol":{"m":8829.4,"s":1339.88},"ThickAvg":{"m":1.97783,"s":0.142385},"ThickStd":{"m":0.674873,"s":0.0619624},"MeanCurv":{"m":0.124537,"s":0.00956277},"GausCurv":{"m":0.0578675,"s":0.0580629},"FoldInd":{"m":131.642,"s":194.848},"CurvInd":{"m":13.7422,"s":7.86176}},
"parsopercularis":{"NumVert":{"m":2390.35,"s":420.293},"SurfArea":{"m":1579.02,"s":273.179},"GrayVol":{"m":4458.12,"s":885.002},"ThickAvg":{"m":2.51883,"s":0.194967},"ThickStd":{"m":0.532752,"s":0.0586234},"MeanCurv":{"m":0.127446,"s":0.00805847},"GausCurv":{"m":0.0429759,"s":0.0181187},"FoldInd":{"m":38.6196,"s":129.324},"CurvInd":{"m":4.14045,"s":1.87001}},
"fusiform":{"NumVert":{"m":4616.03,"s":679.909},"SurfArea":{"m":3100.69,"s":450.167},"GrayVol":{"m":9263.87,"s":1526.25},"ThickAvg":{"m":2.66866,"s":0.197861},"ThickStd":{"m":0.684764,"s":0.0700362},"MeanCurv":{"m":0.146353,"s":0.00743563},"GausCurv":{"m":0.07321,"s":0.143946},"FoldInd":{"m":123.32,"s":275.896},"CurvInd":{"m":11.0265,"s":4.46087}},
"lingual":{"NumVert":{"m":4504.78,"s":623.77},"SurfArea":{"m":2915.53,"s":413.14},"GrayVol":{"m":5639.59,"s":979.568},"ThickAvg":{"m":1.84788,"s":0.177781},"ThickStd":{"m":0.582587,"s":0.0717548},"MeanCurv":{"m":0.150539,"s":0.00752807},"GausCurv":{"m":0.0665009,"s":0.0643508},"FoldInd":{"m":89.2892,"s":79.8076},"CurvInd":{"m":11.4194,"s":3.02613}},
"isthmuscingulate":{"NumVert":{"m":1474.42,"s":274.591},"SurfArea":{"m":927.425,"s":177.337},"GrayVol":{"m":2357.44,"s":478.064},"ThickAvg":{"m":2.43371,"s":0.243759},"ThickStd":{"m":0.738477,"s":0.0857072},"MeanCurv":{"m":0.143957,"s":0.00924629},"GausCurv":{"m":0.0723305,"s":0.0875564},"FoldInd":{"m":45.6213,"s":219.559},"CurvInd":{"m":3.77676,"s":2.22021}},
"parstriangularis":{"NumVert":{"m":1847.42,"s":317.033},"SurfArea":{"m":1211.91,"s":201.938},"GrayVol":{"m":3268.88,"s":648.427},"ThickAvg":{"m":2.41245,"s":0.208409},"ThickStd":{"m":0.577238,"s":0.063442},"MeanCurv":{"m":0.134737,"s":0.00851006},"GausCurv":{"m":0.0482926,"s":0.039237},"FoldInd":{"m":27.8417,"s":20.4414},"CurvInd":{"m":3.46867,"s":1.4552}},
"medialorbitofrontal":{"NumVert":{"m":2675.63,"s":402.364},"SurfArea":{"m":1759.09,"s":262.995},"GrayVol":{"m":4760.52,"s":753.3},"ThickAvg":{"m":2.44033,"s":0.217944},"ThickStd":{"m":0.74947,"s":0.0954589},"MeanCurv":{"m":0.15069,"s":0.0120131},"GausCurv":{"m":0.110031,"s":0.131457},"FoldInd":{"m":144.962,"s":649.067},"CurvInd":{"m":9.43941,"s":8.91029}},
"inferiortemporal":{"NumVert":{"m":4693.5,"s":817.273},"SurfArea":{"m":3099.98,"s":544.798},"GrayVol":{"m":10078.9,"s":1845.15},"ThickAvg":{"m":2.7947,"s":0.173726},"ThickStd":{"m":0.720771,"s":0.06629},"MeanCurv":{"m":0.14578,"s":0.00881575},"GausCurv":{"m":0.081284,"s":0.20758},"FoldInd":{"m":131.339,"s":289.305},"CurvInd":{"m":12.3752,"s":4.21148}},
"precuneus":{"NumVert":{"m":5532.98,"s":817.747},"SurfArea":{"m":3606.38,"s":526.588},"GrayVol":{"m":8710.36,"s":1436.35},"ThickAvg":{"m":2.26961,"s":0.180237},"ThickStd":{"m":0.593219,"s":0.0490591},"MeanCurv":{"m":0.137628,"s":0.00654781},"GausCurv":{"m":0.0534028,"s":0.0237575},"FoldInd":{"m":109.064,"s":285.803},"CurvInd":{"m":11.1219,"s":2.88468}},
"posteriorcingulate":{"NumVert":{"m":1646.05,"s":286.614},"SurfArea":{"m":1077.1,"s":184.537},"GrayVol":{"m":2843.41,"s":522.506},"ThickAvg":{"m":2.4639,"s":0.199979},"ThickStd":{"m":0.623601,"s":0.0875284},"MeanCurv":{"m":0.150122,"s":0.00977847},"GausCurv":{"m":0.0750499,"s":0.123271},"FoldInd":{"m":150.854,"s":2587.94},"CurvInd":{"m":3.96867,"s":2.38448}},
"insula":{"NumVert":{"m":3356.64,"s":420.433},"SurfArea":{"m":2151.86,"s":268.158},"GrayVol":{"m":6403.03,"s":902.817},"ThickAvg":{"m":2.9931,"s":0.213454},"ThickStd":{"m":0.826527,"s":0.0837691},"MeanCurv":{"m":0.130993,"s":0.0105617},"GausCurv":{"m":0.0973081,"s":0.118118},"FoldInd":{"m":114.36,"s":203.877},"CurvInd":{"m":11.8647,"s":25.6047}},
"transversetemporal":{"NumVert":{"m":774.215,"s":136.148},"SurfArea":{"m":447.126,"s":78.7034},"GrayVol":{"m":1074.38,"s":214.41},"ThickAvg":{"m":2.20972,"s":0.260831},"ThickStd":{"m":0.458398,"s":0.0768691},"MeanCurv":{"m":0.124773,"s":0.0145882},"GausCurv":{"m":0.076062,"s":0.309191},"FoldInd":{"m":19.79,"s":62.3549},"CurvInd":{"m":1.76213,"s":1.43387}},
"superiorparietal":{"NumVert":{"m":8127.4,"s":1064.93},"SurfArea":{"m":5152.12,"s":658.107},"GrayVol":{"m":11874.8,"s":1723.59},"ThickAvg":{"m":2.07895,"s":0.138814},"ThickStd":{"m":0.559559,"s":0.0459102},"MeanCurv":{"m":0.130229,"s":0.00683851},"GausCurv":{"m":0.0597522,"s":0.266454},"FoldInd":{"m":138.504,"s":241.727},"CurvInd":{"m":15.2389,"s":5.78514}},
"lateraloccipital":{"NumVert":{"m":7359.52,"s":959.014},"SurfArea":{"m":4595.48,"s":600.504},"GrayVol":{"m":10354,"s":1592.64},"ThickAvg":{"m":2.09035,"s":0.156478},"ThickStd":{"m":0.590255,"s":0.051933},"MeanCurv":{"m":0.147055,"s":0.00639307},"GausCurv":{"m":0.0602392,"s":0.0399279},"FoldInd":{"m":143.41,"s":318.032},"CurvInd":{"m":16.8442,"s":3.44761}},
"caudalanteriorcingulate":{"NumVert":{"m":949.687,"s":231.073},"SurfArea":{"m":612.499,"s":144.488},"GrayVol":{"m":1729.55,